1,6739,76305,230,1,2020-09-05 16:20
2,7460,81008,1455,4,2020-09-05 16:20
3,6701,7556,1159,2,2020-09-05 16:20
4,8021,36492,3727,2,2020-09-05 16:20
5,6442,11282,4387,5,2020-09-05 16:20
6,5643,36216,1619,1,2020-09-05 16:20
7,7186,48203,2691,5,2020-09-05 16:20
8,6668,7427,2037,3,2020-09-05 16:20
9,8669,51578,4237,4,2020-09-05 16:20
10,8206,77899,4089,1,2020-09-05 16:20
11,7732,31755,3700,5,2020-09-05 16:20
12,8107,32824,4168,5,2020-09-05 16:20
13,8925,5211,4001,4,2020-09-05 16:20
14,5732,66187,2198,4,2020-09-05 16:20
15,6728,839,1956,2,2020-09-05 16:20
16,6370,63643,2657,2,2020-09-05 16:20
17,8150,76537,1299,4,2020-09-05 16:20
18,5709,67374,157,4,2020-09-05 16:20
19,8719,4068,257,4,2020-09-05 16:20
20,5727,2709,2463,2,2020-09-05 16:20
21,7796,72708,3527,5,2020-09-05 16:20
22,6485,87513,2909,4,2020-09-05 16:20
23,7042,41460,574,4,2020-09-05 16:20
24,8904,35404,2612,4,2020-09-05 16:20
25,6029,19629,1884,1,2020-09-05 16:20
26,8189,23923,366,2,2020-09-05 16:20
27,8323,60958,755,3,2020-09-05 16:20
28,8216,64735,621,4,2020-09-05 16:20
29,6212,83962,2328,5,2020-09-05 16:20
30,6573,63393,1292,4,2020-09-05 16:20
31,6914,39822,3569,3,2020-09-05 16:20
32,5755,52698,3188,4,2020-09-05 16:20
33,8460,11223,598,3,2020-09-05 16:20
34,6509,40772,3121,4,2020-09-05 16:20
35,6084,54176,4676,2,2020-09-05 16:20
36,7432,76819,2649,5,2020-09-05 16:20
37,5675,16386,3847,5,2020-09-05 16:20
38,6696,73447,3156,4,2020-09-05 16:20
39,7291,58811,490,2,2020-09-05 16:20
40,7191,89532,2585,4,2020-09-05 16:20
41,8635,54693,122,3,2020-09-05 16:20
42,7233,81056,2502,4,2020-09-05 16:20
43,6100,54643,1791,4,2020-09-05 16:20
44,8254,23369,3181,1,2020-09-05 16:20
45,5792,15945,1723,2,2020-09-05 16:20
46,7727,36767,4649,1,2020-09-05 16:20
47,8878,83338,1903,5,2020-09-05 16:20
48,8850,53294,1827,3,2020-09-05 16:20
49,7158,58677,2557,3,2020-09-05 16:20
50,7100,10473,2084,3,2020-09-05 16:20
51,7332,21152,3331,2,2020-09-05 16:20
52,7896,17777,3911,2,2020-09-05 16:20
53,7467,7788,1729,2,2020-09-05 16:20
54,6055,20323,3955,5,2020-09-05 16:20
55,6294,76743,133,4,2020-09-05 16:20
56,8021,20132,3727,3,2020-09-05 16:20
57,8305,41753,3066,2,2020-09-05 16:20
58,6940,80369,1889,5,2020-09-05 16:21
59,6891,65424,4238,1,2020-09-05 16:21
60,7857,79853,367,2,2020-09-05 16:21
61,5921,50578,2576,3,2020-09-05 16:21
62,6377,45126,79,5,2020-09-05 16:21
63,7593,63401,4700,4,2020-09-05 16:21
64,6412,21868,938,5,2020-09-05 16:21
65,8529,25673,3745,3,2020-09-05 16:21
66,7837,29745,2178,3,2020-09-05 16:21
67,7212,8732,2316,3,2020-09-05 16:21
68,8282,5479,4133,5,2020-09-05 16:21
69,8624,88407,3573,4,2020-09-05 16:21
70,5624,71829,1621,4,2020-09-05 16:21
71,7761,75902,4701,2,2020-09-05 16:21
72,8071,38559,3861,1,2020-09-05 16:21
73,7804,76481,1517,5,2020-09-05 16:21
74,8820,40268,3202,2,2020-09-05 16:21
75,6036,13759,1337,5,2020-09-05 16:21
76,5844,6208,136,2,2020-09-05 16:21
77,7698,81437,3114,4,2020-09-05 16:21
78,5639,46775,2579,4,2020-09-05 16:21
79,7129,48960,3625,1,2020-09-05 16:21
80,6221,39616,3362,3,2020-09-05 16:21
81,8802,69200,3567,1,2020-09-05 16:21
82,6724,49994,4622,3,2020-09-05 16:21
83,6124,9815,4801,3,2020-09-05 16:21
84,7132,24836,1784,5,2020-09-05 16:21
85,8546,53474,2708,3,2020-09-05 16:21
86,5643,24171,1619,5,2020-09-05 16:21
87,8071,9170,3861,2,2020-09-05 16:21
88,8156,3049,2011,5,2020-09-05 16:21
89,7767,61886,1189,5,2020-09-05 16:21
90,7764,60090,3278,3,2020-09-05 16:21
91,8146,37332,2768,3,2020-09-05 16:21
92,8680,82963,4408,3,2020-09-05 16:21
93,8024,70243,4506,1,2020-09-05 16:21
94,8494,16497,1342,4,2020-09-05 16:21
95,6004,76174,2190,3,2020-09-05 16:21
96,7755,56752,226,5,2020-09-05 16:21
97,5963,240,1205,3,2020-09-05 16:21
98,8589,88433,631,4,2020-09-05 16:21
99,7347,27837,314,1,2020-09-05 16:21
100,6505,72604,1305,2,2020-09-05 16:21
101,8642,6162,984,4,2020-09-05 16:21
102,6554,58145,1889,5,2020-09-05 16:21
103,8034,86122,4335,3,2020-09-05 16:21
104,6622,2507,3803,1,2020-09-05 16:21
105,8302,33713,1229,4,2020-09-05 16:21
106,8036,78166,4206,3,2020-09-05 16:21
107,7516,7978,1937,1,2020-09-05 16:21
108,7009,70536,4850,3,2020-09-05 16:21
109,8932,2487,4842,3,2020-09-05 16:21
110,8882,85701,2126,3,2020-09-05 16:21
111,8943,11017,4946,1,2020-09-05 16:21
112,7073,2324,1763,5,2020-09-05 16:21
113,8370,68498,2061,1,2020-09-05 16:21
114,8587,59617,145,3,2020-09-05 16:21
115,8888,21645,4433,4,2020-09-05 16:21
116,6774,27272,4844,3,2020-09-05 16:21
117,8906,50664,2709,4,2020-09-05 16:21
118,8414,84880,3262,1,2020-09-05 16:22
119,7317,14764,4048,5,2020-09-05 16:22
120,7266,76670,370,1,2020-09-05 16:22
121,7873,89838,3820,3,2020-09-05 16:22
122,8773,55496,2289,2,2020-09-05 16:22
123,5883,17993,113,4,2020-09-05 16:22
124,5820,85882,510,2,2020-09-05 16:22
125,5681,8428,1062,2,2020-09-05 16:22
126,8215,21205,2819,4,2020-09-05 16:22
127,5956,7565,2731,4,2020-09-05 16:22
128,8905,54998,1045,3,2020-09-05 16:22
129,6647,43976,3909,1,2020-09-05 16:22
130,8088,79350,3984,3,2020-09-05 16:22
131,5932,37240,2691,5,2020-09-05 16:22
132,5714,46464,1845,5,2020-09-05 16:22
133,5943,17587,951,2,2020-09-05 16:22
134,8924,75079,2221,3,2020-09-05 16:22
135,7577,43176,3137,2,2020-09-05 16:22
136,7228,757,3375,4,2020-09-05 16:22
137,7321,86017,4010,1,2020-09-05 16:22
138,6503,30851,4635,5,2020-09-05 16:22
139,6267,49438,2748,1,2020-09-05 16:22
140,8116,57717,424,2,2020-09-05 16:22
141,8837,35078,2701,1,2020-09-05 16:22
142,8238,81136,648,3,2020-09-05 16:22
143,8624,35149,3573,5,2020-09-05 16:22
144,7071,77941,1727,1,2020-09-05 16:22
145,5978,3300,2718,4,2020-09-05 16:22
146,7840,75274,3143,1,2020-09-05 16:22
147,6058,41057,57,1,2020-09-05 16:22
148,7761,48008,4701,3,2020-09-05 16:22
149,8476,53238,4538,4,2020-09-05 16:22
150,6127,33807,4621,2,2020-09-05 16:22
151,8512,86294,3430,4,2020-09-05 16:22
152,6057,79754,2503,5,2020-09-05 16:22
153,6903,84329,1002,3,2020-09-05 16:22
154,8024,79194,4506,1,2020-09-05 16:22
155,6591,15949,709,1,2020-09-05 16:22
156,6302,64772,1717,2,2020-09-05 16:22
157,7306,58197,86,2,2020-09-05 16:22
158,8284,59602,4455,3,2020-09-05 16:22
159,5932,50839,2691,5,2020-09-05 16:22
160,8782,7027,695,1,2020-09-05 16:22
161,7196,63944,4862,2,2020-09-05 16:22
162,8796,14373,528,3,2020-09-05 16:22
163,7857,26657,367,4,2020-09-05 16:22
164,7165,36285,3318,1,2020-09-05 16:22
165,5932,16487,2691,3,2020-09-05 16:22
166,7713,43921,2808,3,2020-09-05 16:22
167,5725,86592,1304,3,2020-09-05 16:22
168,6963,63818,3423,3,2020-09-05 16:22
169,8064,42492,58,1,2020-09-05 16:22
170,5868,38563,3927,3,2020-09-05 16:22
171,6561,60895,2583,4,2020-09-05 16:22
172,8053,82366,353,5,2020-09-05 16:22
173,7928,45119,3451,5,2020-09-05 16:22
174,7351,73012,565,1,2020-09-05 16:22
175,7590,73578,3841,5,2020-09-05 16:22
176,8556,61871,1665,5,2020-09-05 16:22
177,8467,32873,4853,3,2020-09-05 16:22
178,6245,83716,527,5,2020-09-05 16:23
179,7765,75574,100,3,2020-09-05 16:23
180,7864,29332,1471,4,2020-09-05 16:23
181,8844,439,3496,1,2020-09-05 16:23
182,8698,24926,90,4,2020-09-05 16:23
183,7980,39264,88,2,2020-09-05 16:23
184,6243,16839,4033,3,2020-09-05 16:23
185,7994,31023,2176,5,2020-09-05 16:23
186,6259,30488,4028,3,2020-09-05 16:23
187,7977,5945,4157,5,2020-09-05 16:23
188,7241,12238,993,4,2020-09-05 16:23
189,6707,68476,4743,2,2020-09-05 16:23
190,6646,10875,2428,3,2020-09-05 16:23
191,6570,49822,446,5,2020-09-05 16:23
192,6090,32918,1292,1,2020-09-05 16:23
193,7761,59624,4701,3,2020-09-05 16:23
194,6829,12657,2230,1,2020-09-05 16:23
195,6756,89175,1240,3,2020-09-05 16:23
196,5725,63251,1304,4,2020-09-05 16:23
197,8307,34786,2630,1,2020-09-05 16:23
198,5787,11617,3832,4,2020-09-05 16:23
199,5643,17490,1619,3,2020-09-05 16:23
200,8567,29429,1313,3,2020-09-05 16:23
201,8301,42080,1594,4,2020-09-05 16:23
202,8129,31307,3468,5,2020-09-05 16:23
203,7141,18007,1787,1,2020-09-05 16:23
204,5982,59099,2838,2,2020-09-05 16:23
205,7317,21202,4048,3,2020-09-05 16:23
206,6589,57788,529,4,2020-09-05 16:23
207,7972,41273,2769,1,2020-09-05 16:23
208,8531,69299,1377,2,2020-09-05 16:23
209,8969,16994,4612,4,2020-09-05 16:23
210,7520,88385,4711,5,2020-09-05 16:23
211,7344,83368,3945,1,2020-09-05 16:23
212,7496,43629,2331,1,2020-09-05 16:23
213,7850,36530,164,2,2020-09-05 16:23
214,8158,36462,2310,2,2020-09-05 16:23
215,7612,13379,239,1,2020-09-05 16:23
216,7098,52526,3803,4,2020-09-05 16:23
217,8424,12659,2781,3,2020-09-05 16:23
218,6087,3149,2008,4,2020-09-05 16:23
219,6732,34099,4706,5,2020-09-05 16:23
220,6287,67651,2693,5,2020-09-05 16:23
221,8644,69733,1345,1,2020-09-05 16:23
222,7185,11094,3121,2,2020-09-05 16:23
223,7976,87891,3490,1,2020-09-05 16:23
224,5706,41367,317,4,2020-09-05 16:23
225,7543,68455,2012,5,2020-09-05 16:23
226,6323,87644,3461,1,2020-09-05 16:23
227,7687,78919,2285,5,2020-09-05 16:23
228,8404,20151,398,4,2020-09-05 16:23
229,8810,87066,2152,4,2020-09-05 16:23
230,6709,48897,702,3,2020-09-05 16:23
231,6257,39416,3964,2,2020-09-05 16:23
232,8539,27725,2420,1,2020-09-05 16:23
233,5943,47130,951,5,2020-09-05 16:23
234,8752,5352,3536,3,2020-09-05 16:23
235,8983,19155,3334,1,2020-09-05 16:23
236,6387,85901,3408,4,2020-09-05 16:23
237,7330,70720,4960,3,2020-09-05 16:23
238,5958,41429,2683,5,2020-09-05 16:24
239,7658,59521,4488,1,2020-09-05 16:24
240,8950,61667,897,4,2020-09-05 16:24
241,8195,37876,1374,1,2020-09-05 16:24
242,6595,72740,3443,4,2020-09-05 16:24
243,6946,41910,1061,3,2020-09-05 16:24
244,7177,40828,4331,4,2020-09-05 16:24
245,6712,62814,1617,1,2020-09-05 16:24
246,7355,77610,1958,5,2020-09-05 16:24
247,8326,17783,925,2,2020-09-05 16:24
248,5611,60205,1544,4,2020-09-05 16:24
249,6556,81053,2044,5,2020-09-05 16:24
250,8885,3952,2901,5,2020-09-05 16:24
251,8832,1411,4837,1,2020-09-05 16:24
252,7030,87344,2933,4,2020-09-05 16:24
253,7619,53728,3579,2,2020-09-05 16:24
254,7158,32537,2557,1,2020-09-05 16:24
255,8765,73197,4348,1,2020-09-05 16:24
256,5869,2255,3180,2,2020-09-05 16:24
257,6247,1020,1536,1,2020-09-05 16:24
258,5937,16614,4161,4,2020-09-05 16:24
259,8884,1563,2267,4,2020-09-05 16:24
260,7891,15090,4654,3,2020-09-05 16:24
261,8453,28314,140,5,2020-09-05 16:24
262,6569,77179,2718,3,2020-09-05 16:24
263,7160,63748,2596,3,2020-09-05 16:24
264,7153,72556,2136,2,2020-09-05 16:24
265,7857,15914,367,3,2020-09-05 16:24
266,8911,7633,4021,2,2020-09-05 16:24
267,5784,59188,3415,5,2020-09-05 16:24
268,8263,5488,935,3,2020-09-05 16:24
269,8106,10227,769,4,2020-09-05 16:24
270,8216,80706,621,4,2020-09-05 16:24
271,5926,19166,1184,4,2020-09-05 16:24
272,8199,82871,4634,3,2020-09-05 16:24
273,5857,23099,1795,4,2020-09-05 16:24
274,6292,46219,4698,4,2020-09-05 16:24
275,8427,62399,1088,4,2020-09-05 16:24
276,8168,63524,4789,4,2020-09-05 16:24
277,5911,17578,4555,3,2020-09-05 16:24
278,8749,79656,4418,2,2020-09-05 16:24
279,6856,14092,125,2,2020-09-05 16:24
280,8671,85300,4108,5,2020-09-05 16:24
281,8072,56637,1877,5,2020-09-05 16:24
282,8995,42722,4320,5,2020-09-05 16:24
283,8422,75237,4346,3,2020-09-05 16:24
284,6050,11751,4182,4,2020-09-05 16:24
285,7738,44078,3799,1,2020-09-05 16:24
286,8058,18389,1164,2,2020-09-05 16:24
287,8658,25899,3101,2,2020-09-05 16:24
288,8417,64015,1882,4,2020-09-05 16:24
289,6058,10497,57,2,2020-09-05 16:24
290,8025,65827,4688,2,2020-09-05 16:24
291,7100,87522,2084,5,2020-09-05 16:24
292,8558,11434,1760,2,2020-09-05 16:24
293,6969,4865,1047,5,2020-09-05 16:24
294,6746,37861,205,1,2020-09-05 16:24
295,6333,1990,1782,2,2020-09-05 16:24
296,7832,76307,3238,4,2020-09-05 16:24
297,6338,34533,1952,5,2020-09-05 16:24
298,5766,76643,1585,5,2020-09-05 16:25
299,8841,85198,4660,4,2020-09-05 16:25
300,8760,37386,2356,2,2020-09-05 16:25
301,6404,11967,322,4,2020-09-05 16:25
302,6080,20725,3004,3,2020-09-05 16:25
303,8897,81146,653,1,2020-09-05 16:25
304,7683,74294,4121,5,2020-09-05 16:25
305,7853,82510,2015,3,2020-09-05 16:25
306,7895,12586,3550,1,2020-09-05 16:25
307,6189,74309,1118,2,2020-09-05 16:25
308,7854,84068,3137,1,2020-09-05 16:25
309,6514,87094,4743,2,2020-09-05 16:25
310,6821,56074,357,4,2020-09-05 16:25
311,7584,52372,1453,2,2020-09-05 16:25
312,6151,58001,556,3,2020-09-05 16:25
313,6830,48895,1235,4,2020-09-05 16:25
314,6051,30551,2909,2,2020-09-05 16:25
315,7476,7970,3873,3,2020-09-05 16:25
316,5949,29550,2516,1,2020-09-05 16:25
317,9000,51687,624,5,2020-09-05 16:25
318,6402,12004,690,5,2020-09-05 16:25
319,8826,11678,2690,4,2020-09-05 16:25
320,6897,43729,4787,4,2020-09-05 16:25
321,8467,69029,4853,1,2020-09-05 16:25
322,8817,12113,1233,1,2020-09-05 16:25
323,6172,31435,174,4,2020-09-05 16:25
324,7818,25282,1496,1,2020-09-05 16:25
325,7911,63885,2314,2,2020-09-05 16:25
326,8453,8632,140,3,2020-09-05 16:25
327,6752,84332,643,1,2020-09-05 16:25
328,7612,1756,239,3,2020-09-05 16:25
329,6752,74280,643,5,2020-09-05 16:25
330,7986,10278,110,1,2020-09-05 16:25
331,7229,38264,4458,5,2020-09-05 16:25
332,8453,47631,140,2,2020-09-05 16:25
333,6700,82929,2292,5,2020-09-05 16:25
334,8583,6701,4658,5,2020-09-05 16:25
335,6052,21595,2984,3,2020-09-05 16:25
336,7543,39428,2012,2,2020-09-05 16:25
337,7976,78366,3490,2,2020-09-05 16:25
338,7453,4839,3327,5,2020-09-05 16:25
339,7356,42884,720,5,2020-09-05 16:25
340,6169,3903,4232,2,2020-09-05 16:25
341,5816,52186,469,2,2020-09-05 16:25
342,7994,23848,2176,3,2020-09-05 16:25
343,6019,24643,1419,3,2020-09-05 16:25
344,7959,55786,4594,4,2020-09-05 16:25
345,7304,39024,1861,2,2020-09-05 16:25
346,8863,50553,546,2,2020-09-05 16:25
347,7022,29477,2432,2,2020-09-05 16:25
348,5602,85502,215,3,2020-09-05 16:25
349,8749,76608,4418,3,2020-09-05 16:25
350,8427,62433,1088,1,2020-09-05 16:25
351,6352,5931,738,3,2020-09-05 16:25
352,8863,28253,546,2,2020-09-05 16:25
353,6124,15182,4801,5,2020-09-05 16:25
354,7343,81281,4338,3,2020-09-05 16:25
355,6929,17205,727,4,2020-09-05 16:25
356,8700,37269,410,4,2020-09-05 16:25
357,7980,3090,88,4,2020-09-05 16:25
358,7524,23732,3627,4,2020-09-05 16:26
359,7238,14812,1678,2,2020-09-05 16:26
360,6944,46177,741,3,2020-09-05 16:26
361,6905,72988,1335,5,2020-09-05 16:26
362,8632,34465,3300,4,2020-09-05 16:26
363,6956,202,994,4,2020-09-05 16:26
364,5831,73961,4728,4,2020-09-05 16:26
365,7764,81050,3278,5,2020-09-05 16:26
366,5794,61193,314,2,2020-09-05 16:26
367,6969,23592,1047,1,2020-09-05 16:26
368,7354,26732,3817,5,2020-09-05 16:26
369,6247,54180,1536,2,2020-09-05 16:26
370,5888,77407,3797,4,2020-09-05 16:26
371,7674,38447,3807,3,2020-09-05 16:26
372,7036,27203,3349,5,2020-09-05 16:26
373,5888,18791,3797,1,2020-09-05 16:26
374,8404,33492,398,1,2020-09-05 16:26
375,6892,48209,2095,5,2020-09-05 16:26
376,6749,42932,1544,1,2020-09-05 16:26
377,8296,62320,3343,4,2020-09-05 16:26
378,8235,89180,2369,2,2020-09-05 16:26
379,8903,89310,2430,1,2020-09-05 16:26
380,8276,56819,4561,2,2020-09-05 16:26
381,7925,10129,808,4,2020-09-05 16:26
382,8071,35222,3861,2,2020-09-05 16:26
383,7088,46940,4432,1,2020-09-05 16:26
384,8300,1111,4712,2,2020-09-05 16:26
385,5888,981,3797,1,2020-09-05 16:26
386,6127,30023,4621,3,2020-09-05 16:26
387,8499,59395,3386,3,2020-09-05 16:26
388,6227,45070,4963,5,2020-09-05 16:26
389,5921,16981,2576,5,2020-09-05 16:26
390,8139,22381,1250,4,2020-09-05 16:26
391,8076,19925,3401,5,2020-09-05 16:26
392,8230,32505,325,3,2020-09-05 16:26
393,6753,16385,558,5,2020-09-05 16:26
394,8658,61886,3101,3,2020-09-05 16:26
395,6486,23259,434,2,2020-09-05 16:26
396,6601,8284,4661,5,2020-09-05 16:26
397,6634,42430,1256,1,2020-09-05 16:26
398,7267,80484,3868,5,2020-09-05 16:26
399,8449,84143,4885,1,2020-09-05 16:26
400,6933,83483,3200,1,2020-09-05 16:26
401,7591,89515,3770,3,2020-09-05 16:26
402,6202,75424,4409,2,2020-09-05 16:26
403,8537,88754,2601,5,2020-09-05 16:26
404,6088,35300,3946,5,2020-09-05 16:26
405,6177,22044,1424,4,2020-09-05 16:26
406,7764,33165,3278,3,2020-09-05 16:26
407,8076,53150,3401,4,2020-09-05 16:26
408,6315,37165,4825,2,2020-09-05 16:26
409,6903,36098,1002,5,2020-09-05 16:26
410,7344,59259,3945,2,2020-09-05 16:26
411,5815,9498,4177,1,2020-09-05 16:26
412,6259,25455,4028,3,2020-09-05 16:26
413,5930,48151,438,1,2020-09-05 16:26
414,6652,16310,58,2,2020-09-05 16:26
415,7906,65336,1951,1,2020-09-05 16:26
416,6352,44946,738,1,2020-09-05 16:26
417,6614,39874,4756,4,2020-09-05 16:26
418,8255,69242,2730,1,2020-09-05 16:27
419,7819,38855,2705,2,2020-09-05 16:27
420,5821,1055,1328,2,2020-09-05 16:27
421,7168,49052,690,2,2020-09-05 16:27
422,6586,73909,3791,4,2020-09-05 16:27
423,6643,14797,350,5,2020-09-05 16:27
424,8769,13240,3913,3,2020-09-05 16:27
425,6784,76630,4430,4,2020-09-05 16:27
426,6736,37603,3065,4,2020-09-05 16:27
427,6301,81094,2446,3,2020-09-05 16:27
428,5857,41245,1795,5,2020-09-05 16:27
429,6239,56579,3993,5,2020-09-05 16:27
430,5840,72826,3338,2,2020-09-05 16:27
431,6710,6622,905,3,2020-09-05 16:27
432,7849,57458,2007,3,2020-09-05 16:27
433,7112,21271,3612,2,2020-09-05 16:27
434,6456,7903,719,4,2020-09-05 16:27
435,6940,47749,1889,1,2020-09-05 16:27
436,6540,86673,4921,3,2020-09-05 16:27
437,7520,46059,4711,1,2020-09-05 16:27
438,8107,2954,4168,4,2020-09-05 16:27
439,5927,7534,897,5,2020-09-05 16:27
440,7604,72911,1136,2,2020-09-05 16:27
441,6950,21677,3396,5,2020-09-05 16:27
442,8266,10217,657,4,2020-09-05 16:27
443,8240,60924,2072,2,2020-09-05 16:27
444,6725,58093,4797,1,2020-09-05 16:27
445,5614,29727,4722,3,2020-09-05 16:27
446,8008,48580,4407,4,2020-09-05 16:27
447,8145,20349,1143,2,2020-09-05 16:27
448,5636,83395,212,2,2020-09-05 16:27
449,8712,73663,3036,1,2020-09-05 16:27
450,8690,73646,748,5,2020-09-05 16:27
451,6522,74914,358,2,2020-09-05 16:27
452,6637,6077,3973,1,2020-09-05 16:27
453,7960,71960,321,1,2020-09-05 16:27
454,6715,3847,1040,2,2020-09-05 16:27
455,5664,89640,3546,3,2020-09-05 16:27
456,6857,59201,2237,3,2020-09-05 16:27
457,7350,58890,2309,2,2020-09-05 16:27
458,5818,26346,451,3,2020-09-05 16:27
459,7186,52177,2691,5,2020-09-05 16:27
460,8023,70611,328,1,2020-09-05 16:27
461,7758,26827,3953,4,2020-09-05 16:27
462,6738,82024,4884,1,2020-09-05 16:27
463,5969,6257,3957,3,2020-09-05 16:27
464,7998,62809,635,4,2020-09-05 16:27
465,7878,23326,3273,4,2020-09-05 16:27
466,6571,65749,4398,3,2020-09-05 16:27
467,7801,66526,594,1,2020-09-05 16:27
468,8569,72399,1876,3,2020-09-05 16:27
469,5789,71222,1008,4,2020-09-05 16:27
470,7331,17759,1073,4,2020-09-05 16:27
471,7299,47815,2334,3,2020-09-05 16:27
472,6088,22654,3946,4,2020-09-05 16:27
473,8163,63441,326,3,2020-09-05 16:27
474,8271,16591,1048,2,2020-09-05 16:27
475,5770,83343,80,3,2020-09-05 16:27
476,8090,63255,680,1,2020-09-05 16:27
477,6512,62094,2443,4,2020-09-05 16:27
478,5899,76319,4216,5,2020-09-05 16:28
479,8176,76280,4544,5,2020-09-05 16:28
480,8841,38586,4660,1,2020-09-05 16:28
481,7790,44756,3537,5,2020-09-05 16:28
482,8177,18335,3101,3,2020-09-05 16:28
483,7672,49413,786,3,2020-09-05 16:28
484,7363,57675,4781,4,2020-09-05 16:28
485,7922,44956,3770,1,2020-09-05 16:28
486,8828,74923,3697,2,2020-09-05 16:28
487,8160,4243,2075,1,2020-09-05 16:28
488,8567,40582,1313,3,2020-09-05 16:28
489,8342,64929,700,1,2020-09-05 16:28
490,5882,51888,3143,2,2020-09-05 16:28
491,6646,74452,2428,4,2020-09-05 16:28
492,7142,4767,147,3,2020-09-05 16:28
493,7439,6025,2279,2,2020-09-05 16:28
494,8846,53840,2863,4,2020-09-05 16:28
495,5643,69067,1619,3,2020-09-05 16:28
496,8931,61098,4512,2,2020-09-05 16:28
497,7035,20686,1223,2,2020-09-05 16:28
498,7298,34328,1921,3,2020-09-05 16:28
499,7761,78350,4701,4,2020-09-05 16:28
500,6882,28623,2740,4,2020-09-05 16:28
501,8787,76999,1321,4,2020-09-05 16:28
502,7695,1171,4340,5,2020-09-05 16:28
503,7139,83311,936,4,2020-09-05 16:28
504,6329,89435,4682,3,2020-09-05 16:28
505,5605,77629,2505,4,2020-09-05 16:28
506,8008,79916,4407,1,2020-09-05 16:28
507,5619,65052,143,4,2020-09-05 16:28
508,6034,87170,2365,5,2020-09-05 16:28
509,6440,54482,3674,3,2020-09-05 16:28
510,8541,38082,1527,3,2020-09-05 16:28
511,7641,54682,3189,2,2020-09-05 16:28
512,6564,43018,3089,1,2020-09-05 16:28
513,8393,19761,4278,5,2020-09-05 16:28
514,6433,68512,3234,4,2020-09-05 16:28
515,6660,68373,805,3,2020-09-05 16:28
516,5745,41031,2493,1,2020-09-05 16:28
517,8661,30192,2317,3,2020-09-05 16:28
518,8631,83824,1717,1,2020-09-05 16:28
519,7160,32407,2596,2,2020-09-05 16:28
520,8066,63613,3537,4,2020-09-05 16:28
521,8502,6366,264,4,2020-09-05 16:28
522,6357,64935,2732,4,2020-09-05 16:28
523,8398,74259,4200,4,2020-09-05 16:28
524,7541,31176,197,2,2020-09-05 16:28
525,5946,84321,4259,5,2020-09-05 16:28
526,8022,49139,3825,4,2020-09-05 16:28
527,5815,38606,4177,2,2020-09-05 16:28
528,6339,81887,1888,5,2020-09-05 16:28
529,7428,8488,2997,1,2020-09-05 16:28
530,5956,24557,2731,4,2020-09-05 16:28
531,6759,34181,1350,3,2020-09-05 16:28
532,6668,83308,2037,2,2020-09-05 16:28
533,7597,24985,4263,2,2020-09-05 16:28
534,8453,68386,140,1,2020-09-05 16:28
535,6850,53924,716,3,2020-09-05 16:28
536,7539,15370,3459,5,2020-09-05 16:28
537,7750,18506,2051,2,2020-09-05 16:28
538,6257,74378,3964,5,2020-09-05 16:29
539,6113,40441,3990,2,2020-09-05 16:29
540,7218,33879,3326,5,2020-09-05 16:29
541,7514,68284,1510,3,2020-09-05 16:29
542,7486,1845,1344,3,2020-09-05 16:29
543,6899,76702,1530,5,2020-09-05 16:29
544,7655,65905,1665,5,2020-09-05 16:29
545,8486,49280,3589,5,2020-09-05 16:29
546,6097,69546,449,1,2020-09-05 16:29
547,7922,58834,3770,1,2020-09-05 16:29
548,6495,64772,351,3,2020-09-05 16:29
549,6615,63820,107,5,2020-09-05 16:29
550,8625,80173,1626,5,2020-09-05 16:29
551,8076,88944,3401,4,2020-09-05 16:29
552,8381,53253,2768,5,2020-09-05 16:29
553,7953,53900,1332,1,2020-09-05 16:29
554,8374,89495,3037,2,2020-09-05 16:29
555,7719,72014,2451,3,2020-09-05 16:29
556,5853,30000,2189,1,2020-09-05 16:29
557,7664,49047,1123,4,2020-09-05 16:29
558,8595,71319,3071,2,2020-09-05 16:29
559,8025,67634,4688,3,2020-09-05 16:29
560,6042,34983,4820,4,2020-09-05 16:29
561,8711,82739,3391,3,2020-09-05 16:29
562,5945,11217,2448,1,2020-09-05 16:29
563,7723,22248,2799,3,2020-09-05 16:29
564,7595,18543,4530,1,2020-09-05 16:29
565,8770,6078,4533,3,2020-09-05 16:29
566,7764,22257,3278,2,2020-09-05 16:29
567,7134,44222,3519,5,2020-09-05 16:29
568,6521,55276,2873,2,2020-09-05 16:29
569,6412,63798,938,4,2020-09-05 16:29
570,8176,29549,4544,2,2020-09-05 16:29
571,6123,27643,4075,2,2020-09-05 16:29
572,8053,66103,353,1,2020-09-05 16:29
573,8941,68627,4224,1,2020-09-05 16:29
574,7540,60433,4446,2,2020-09-05 16:29
575,8600,77850,4009,4,2020-09-05 16:29
576,6212,48519,2328,2,2020-09-05 16:29
577,8193,40804,2242,4,2020-09-05 16:29
578,6304,8717,1186,2,2020-09-05 16:29
579,6078,70232,2684,5,2020-09-05 16:29
580,5989,51920,3570,1,2020-09-05 16:29
581,6723,33355,465,2,2020-09-05 16:29
582,7904,83208,4987,5,2020-09-05 16:29
583,8714,8153,3174,1,2020-09-05 16:29
584,7363,67005,4781,5,2020-09-05 16:29
585,7804,57903,1517,2,2020-09-05 16:29
586,8064,43544,58,4,2020-09-05 16:29
587,8718,7266,3507,1,2020-09-05 16:29
588,8254,7771,3181,3,2020-09-05 16:29
589,6346,55170,3045,1,2020-09-05 16:29
590,8267,8859,4871,5,2020-09-05 16:29
591,5640,13718,3749,3,2020-09-05 16:29
592,8572,76550,534,4,2020-09-05 16:29
593,7287,73286,1010,2,2020-09-05 16:29
594,6591,8712,709,4,2020-09-05 16:29
595,6146,77293,3282,3,2020-09-05 16:29
596,8564,51621,2250,1,2020-09-05 16:29
597,6646,59292,2428,1,2020-09-05 16:29
598,5766,21561,1585,1,2020-09-05 16:30
599,8358,85054,858,4,2020-09-05 16:30
600,7832,48985,3238,3,2020-09-05 16:30
601,7978,80698,4189,4,2020-09-05 16:30
602,6898,22982,2125,2,2020-09-05 16:30
603,6328,82946,2254,1,2020-09-05 16:30
604,6226,16998,4298,3,2020-09-05 16:30
605,8762,43179,2445,1,2020-09-05 16:30
606,6185,82800,787,5,2020-09-05 16:30
607,5905,69229,4729,3,2020-09-05 16:30
608,6454,46832,1794,2,2020-09-05 16:30
609,6012,33997,4771,2,2020-09-05 16:30
610,8863,31572,546,1,2020-09-05 16:30
611,6861,71045,922,4,2020-09-05 16:30
612,6355,22376,2474,3,2020-09-05 16:30
613,7366,84194,202,2,2020-09-05 16:30
614,8035,43652,4973,4,2020-09-05 16:30
615,6572,48975,4820,1,2020-09-05 16:30
616,7316,9264,1429,2,2020-09-05 16:30
617,6109,87470,1882,4,2020-09-05 16:30
618,8558,87684,1760,2,2020-09-05 16:30
619,7024,35013,4383,3,2020-09-05 16:30
620,6908,4146,655,3,2020-09-05 16:30
621,6050,81451,4182,5,2020-09-05 16:30
622,8079,60642,4079,2,2020-09-05 16:30
623,8134,44738,2759,1,2020-09-05 16:30
624,5681,66321,1062,4,2020-09-05 16:30
625,5808,28157,4182,5,2020-09-05 16:30
626,8027,41341,3311,1,2020-09-05 16:30
627,5600,15630,3210,5,2020-09-05 16:30
628,7010,6707,1276,5,2020-09-05 16:30
629,6694,25427,2864,3,2020-09-05 16:30
630,7309,11107,1336,5,2020-09-05 16:30
631,8000,24484,1629,1,2020-09-05 16:30
632,7960,35372,321,5,2020-09-05 16:30
633,6890,10031,2571,1,2020-09-05 16:30
634,6152,18298,584,5,2020-09-05 16:30
635,5653,49,3158,1,2020-09-05 16:30
636,7381,35825,1243,5,2020-09-05 16:30
637,7980,409,88,1,2020-09-05 16:30
638,7727,62418,4649,2,2020-09-05 16:30
639,7406,64970,460,4,2020-09-05 16:30
640,8255,81278,2730,2,2020-09-05 16:30
641,5909,3380,1235,5,2020-09-05 16:30
642,7475,73347,3649,3,2020-09-05 16:30
643,7735,19642,3828,3,2020-09-05 16:30
644,7640,3444,759,4,2020-09-05 16:30
645,6713,59368,3335,4,2020-09-05 16:30
646,6913,37974,4974,3,2020-09-05 16:30
647,5708,24136,1569,5,2020-09-05 16:30
648,8273,54816,1489,5,2020-09-05 16:30
649,8298,18136,2072,5,2020-09-05 16:30
650,7229,3309,4458,4,2020-09-05 16:30
651,7036,33298,3349,2,2020-09-05 16:30
652,6547,74681,4909,4,2020-09-05 16:30
653,7724,36602,4273,5,2020-09-05 16:30
654,6212,33448,2328,5,2020-09-05 16:30
655,5945,8180,2448,3,2020-09-05 16:30
656,5705,38549,1646,3,2020-09-05 16:30
657,6906,2037,213,3,2020-09-05 16:30
658,7723,4570,2799,5,2020-09-05 16:31
659,8661,48220,2317,5,2020-09-05 16:31
660,6569,37173,2718,2,2020-09-05 16:31
661,6274,82504,3102,1,2020-09-05 16:31
662,5908,85817,667,3,2020-09-05 16:31
663,6403,63838,2056,4,2020-09-05 16:31
664,7582,58957,868,1,2020-09-05 16:31
665,5946,38229,4259,1,2020-09-05 16:31
666,5936,3469,4350,1,2020-09-05 16:31
667,7184,34614,4787,1,2020-09-05 16:31
668,8453,81623,140,1,2020-09-05 16:31
669,8437,13142,1396,3,2020-09-05 16:31
670,6922,54324,572,1,2020-09-05 16:31
671,6624,84647,4297,2,2020-09-05 16:31
672,7368,67252,4394,3,2020-09-05 16:31
673,8280,20509,490,1,2020-09-05 16:31
674,7009,45050,4850,4,2020-09-05 16:31
675,8402,13685,1143,4,2020-09-05 16:31
676,6596,35959,882,3,2020-09-05 16:31
677,7031,13768,1513,4,2020-09-05 16:31
678,8070,57242,1666,2,2020-09-05 16:31
679,8241,14307,3329,3,2020-09-05 16:31
680,7796,27132,3527,5,2020-09-05 16:31
681,5873,40634,1611,3,2020-09-05 16:31
682,7309,67080,1336,3,2020-09-05 16:31
683,5756,28717,4270,4,2020-09-05 16:31
684,7015,4212,3096,2,2020-09-05 16:31
685,5982,57986,2838,1,2020-09-05 16:31
686,5705,84270,1646,3,2020-09-05 16:31
687,8217,84101,1374,5,2020-09-05 16:31
688,8651,41420,4698,3,2020-09-05 16:31
689,5690,62556,2560,2,2020-09-05 16:31
690,6145,16530,280,3,2020-09-05 16:31
691,8763,49352,3344,4,2020-09-05 16:31
692,8519,12645,3054,2,2020-09-05 16:31
693,7630,6402,646,2,2020-09-05 16:31
694,5811,81540,4639,4,2020-09-05 16:31
695,8258,51862,2842,5,2020-09-05 16:31
696,6384,27988,484,3,2020-09-05 16:31
697,7793,17479,626,5,2020-09-05 16:31
698,5707,22204,3776,4,2020-09-05 16:31
699,7540,55433,4446,2,2020-09-05 16:31
700,8658,68136,3101,3,2020-09-05 16:31
701,8479,51989,4037,1,2020-09-05 16:31
702,7578,33713,2818,3,2020-09-05 16:31
703,7835,4500,4141,5,2020-09-05 16:31
704,8029,16280,2553,1,2020-09-05 16:31
705,8112,58152,3931,3,2020-09-05 16:31
706,8770,85223,4533,4,2020-09-05 16:31
707,8338,75490,3386,1,2020-09-05 16:31
708,6315,67716,4825,4,2020-09-05 16:31
709,6984,74955,3325,2,2020-09-05 16:31
710,8825,5945,1506,3,2020-09-05 16:31
711,6085,28232,3366,4,2020-09-05 16:31
712,7360,64565,146,3,2020-09-05 16:31
713,8157,58409,911,1,2020-09-05 16:31
714,6009,61503,3391,4,2020-09-05 16:31
715,6971,81495,81,2,2020-09-05 16:31
716,8370,46775,2061,2,2020-09-05 16:31
717,5680,31680,2641,3,2020-09-05 16:31
718,7756,25272,4307,5,2020-09-05 16:32
719,6926,50603,927,1,2020-09-05 16:32
720,8794,89385,4414,4,2020-09-05 16:32
721,5653,23001,3158,3,2020-09-05 16:32
722,8726,56562,3947,1,2020-09-05 16:32
723,5989,68199,3570,2,2020-09-05 16:32
724,8282,85923,4133,5,2020-09-05 16:32
725,8906,8810,2709,1,2020-09-05 16:32
726,7898,88003,4262,5,2020-09-05 16:32
727,8793,77207,2943,4,2020-09-05 16:32
728,6121,64682,3653,5,2020-09-05 16:32
729,5693,55903,4982,5,2020-09-05 16:32
730,7116,4699,87,1,2020-09-05 16:32
731,8854,12600,1492,3,2020-09-05 16:32
732,8506,45238,721,2,2020-09-05 16:32
733,7237,62086,3046,5,2020-09-05 16:32
734,8078,26981,393,4,2020-09-05 16:32
735,8897,76054,653,2,2020-09-05 16:32
736,6638,65698,3802,1,2020-09-05 16:32
737,6638,79276,3802,2,2020-09-05 16:32
738,7575,16944,3761,4,2020-09-05 16:32
739,6857,54138,2237,4,2020-09-05 16:32
740,7111,68772,961,5,2020-09-05 16:32
741,6131,6362,2011,2,2020-09-05 16:32
742,8449,73389,4885,2,2020-09-05 16:32
743,7542,25392,1830,4,2020-09-05 16:32
744,7629,48626,4214,1,2020-09-05 16:32
745,6618,53842,4748,2,2020-09-05 16:32
746,6601,34050,4661,4,2020-09-05 16:32
747,8168,2647,4789,3,2020-09-05 16:32
748,6128,2225,2173,4,2020-09-05 16:32
749,8201,70721,2125,2,2020-09-05 16:32
750,6926,726,927,1,2020-09-05 16:32
751,6586,48807,3791,3,2020-09-05 16:32
752,8958,76356,1645,4,2020-09-05 16:32
753,8642,48427,984,5,2020-09-05 16:32
754,6051,197,2909,2,2020-09-05 16:32
755,7606,13677,2228,3,2020-09-05 16:32
756,8793,60573,2943,3,2020-09-05 16:32
757,7824,17576,1490,2,2020-09-05 16:32
758,6477,20980,2033,3,2020-09-05 16:32
759,8668,19795,176,4,2020-09-05 16:32
760,6830,3807,1235,2,2020-09-05 16:32
761,7082,65134,3090,1,2020-09-05 16:32
762,6236,84356,180,3,2020-09-05 16:32
763,7877,34691,2283,5,2020-09-05 16:32
764,7953,72508,1332,1,2020-09-05 16:32
765,8158,1146,2310,5,2020-09-05 16:32
766,6478,34509,3377,3,2020-09-05 16:32
767,5781,71144,4745,1,2020-09-05 16:32
768,7883,5933,879,1,2020-09-05 16:32
769,6812,5976,243,2,2020-09-05 16:32
770,8070,67557,1666,3,2020-09-05 16:32
771,6287,19383,2693,1,2020-09-05 16:32
772,6267,81712,2748,2,2020-09-05 16:32
773,8183,86304,4093,5,2020-09-05 16:32
774,6910,10260,3823,4,2020-09-05 16:32
775,5954,45710,1751,3,2020-09-05 16:32
776,8708,73979,3089,2,2020-09-05 16:32
777,5834,81131,1877,3,2020-09-05 16:32
778,8803,67585,310,5,2020-09-05 16:33
779,8333,17906,1388,4,2020-09-05 16:33
780,7278,12312,4740,3,2020-09-05 16:33
781,8423,83162,211,1,2020-09-05 16:33
782,7973,77083,1932,3,2020-09-05 16:33
783,7856,74017,4874,4,2020-09-05 16:33
784,6800,44464,2616,2,2020-09-05 16:33
785,7228,63658,3375,3,2020-09-05 16:33
786,6323,47474,3461,1,2020-09-05 16:33
787,8416,73330,1039,1,2020-09-05 16:33
788,6869,26716,2459,2,2020-09-05 16:33
789,6641,27729,4779,5,2020-09-05 16:33
790,8480,42873,720,3,2020-09-05 16:33
791,8765,8472,4348,2,2020-09-05 16:33
792,8212,7041,2625,2,2020-09-05 16:33
793,6012,2983,4771,1,2020-09-05 16:33
794,8891,20574,3381,1,2020-09-05 16:33
795,6194,60948,3580,4,2020-09-05 16:33
796,8627,64066,1536,4,2020-09-05 16:33
797,8366,74498,4250,1,2020-09-05 16:33
798,6535,72264,895,5,2020-09-05 16:33
799,5607,79023,1164,3,2020-09-05 16:33
800,7745,6513,797,3,2020-09-05 16:33
801,5864,13439,4337,1,2020-09-05 16:33
802,8554,22991,1448,1,2020-09-05 16:33
803,8985,6196,1311,5,2020-09-05 16:33
804,7439,44221,2279,5,2020-09-05 16:33
805,8077,12996,4898,2,2020-09-05 16:33
806,7735,61152,3828,2,2020-09-05 16:33
807,8805,4334,1230,3,2020-09-05 16:33
808,8316,55393,1363,1,2020-09-05 16:33
809,8726,42552,3947,4,2020-09-05 16:33
810,7193,47749,2805,5,2020-09-05 16:33
811,7725,76910,3997,1,2020-09-05 16:33
812,8404,88204,398,5,2020-09-05 16:33
813,6886,76154,488,1,2020-09-05 16:33
814,7212,80191,2316,3,2020-09-05 16:33
815,8254,3851,3181,2,2020-09-05 16:33
816,8210,82870,1454,2,2020-09-05 16:33
817,6671,36375,2601,5,2020-09-05 16:33
818,6774,43891,4844,3,2020-09-05 16:33
819,5989,55306,3570,5,2020-09-05 16:33
820,7255,69732,334,1,2020-09-05 16:33
821,5611,65230,1544,1,2020-09-05 16:33
822,7590,46962,3841,5,2020-09-05 16:33
823,6518,4303,2159,5,2020-09-05 16:33
824,6301,19523,2446,4,2020-09-05 16:33
825,8326,75379,925,3,2020-09-05 16:33
826,6583,39628,4728,5,2020-09-05 16:33
827,7382,32103,3095,5,2020-09-05 16:33
828,8100,32735,3758,1,2020-09-05 16:33
829,7338,71470,57,4,2020-09-05 16:33
830,7522,54793,4842,1,2020-09-05 16:33
831,6748,18259,2821,5,2020-09-05 16:33
832,8349,84321,4912,5,2020-09-05 16:33
833,6956,5065,994,1,2020-09-05 16:33
834,6518,54470,2159,4,2020-09-05 16:33
835,7216,11776,4770,3,2020-09-05 16:33
836,7431,40587,3824,1,2020-09-05 16:33
837,6612,8913,4690,2,2020-09-05 16:33
838,6343,6178,4240,4,2020-09-05 16:34
839,7483,60333,4827,3,2020-09-05 16:34
840,6668,59003,2037,3,2020-09-05 16:34
841,7105,33295,1513,5,2020-09-05 16:34
842,8296,26201,3343,5,2020-09-05 16:34
843,7612,80508,239,1,2020-09-05 16:34
844,8290,30576,2940,2,2020-09-05 16:34
845,8450,89483,1077,5,2020-09-05 16:34
846,6259,12791,4028,5,2020-09-05 16:34
847,8460,2869,598,1,2020-09-05 16:34
848,5773,42967,296,1,2020-09-05 16:34
849,6866,1984,2869,4,2020-09-05 16:34
850,8271,6606,1048,5,2020-09-05 16:34
851,8476,70050,4538,4,2020-09-05 16:34
852,6469,48142,3863,5,2020-09-05 16:34
853,6825,11474,2445,2,2020-09-05 16:34
854,6700,9239,2292,1,2020-09-05 16:34
855,7273,42425,2077,2,2020-09-05 16:34
856,6370,57343,2657,1,2020-09-05 16:34
857,8854,34730,1492,2,2020-09-05 16:34
858,7807,79684,2828,4,2020-09-05 16:34
859,8535,51205,1290,1,2020-09-05 16:34
860,7520,617,4711,1,2020-09-05 16:34
861,7428,72533,2997,3,2020-09-05 16:34
862,7378,17176,4270,4,2020-09-05 16:34
863,7414,57905,1866,3,2020-09-05 16:34
864,6478,65027,3377,5,2020-09-05 16:34
865,7641,52282,3189,5,2020-09-05 16:34
866,6971,87769,81,1,2020-09-05 16:34
867,8262,7112,562,1,2020-09-05 16:34
868,7449,81617,3065,1,2020-09-05 16:34
869,6551,55378,1078,5,2020-09-05 16:34
870,8280,26821,490,4,2020-09-05 16:34
871,6924,85874,3719,2,2020-09-05 16:34
872,8834,77995,4068,1,2020-09-05 16:34
873,7202,89553,4787,2,2020-09-05 16:34
874,6318,59457,4756,5,2020-09-05 16:34
875,6484,74059,3975,2,2020-09-05 16:34
876,8564,7604,2250,5,2020-09-05 16:34
877,5856,48089,1952,4,2020-09-05 16:34
878,6475,45872,651,3,2020-09-05 16:34
879,8127,74905,3924,2,2020-09-05 16:34
880,7368,19520,4394,5,2020-09-05 16:34
881,8294,10436,4058,2,2020-09-05 16:34
882,8205,46270,889,5,2020-09-05 16:34
883,8381,24600,2768,1,2020-09-05 16:34
884,8485,83696,1293,3,2020-09-05 16:34
885,7604,32661,1136,3,2020-09-05 16:34
886,7880,24979,3437,2,2020-09-05 16:34
887,6397,82804,258,4,2020-09-05 16:34
888,7095,62867,4392,3,2020-09-05 16:34
889,7172,32565,2824,2,2020-09-05 16:34
890,8841,14319,4660,1,2020-09-05 16:34
891,5789,59793,1008,3,2020-09-05 16:34
892,6602,79569,565,2,2020-09-05 16:34
893,5642,79615,4567,4,2020-09-05 16:34
894,8928,59871,1735,5,2020-09-05 16:34
895,8792,51731,3151,1,2020-09-05 16:34
896,8983,36836,3334,4,2020-09-05 16:34
897,7387,82997,3719,2,2020-09-05 16:34
898,8620,62809,2982,3,2020-09-05 16:35
899,6975,30394,1201,5,2020-09-05 16:35
900,7904,68052,4987,3,2020-09-05 16:35
901,7157,14892,2394,2,2020-09-05 16:35
902,5877,51823,694,4,2020-09-05 16:35
903,7647,20739,3430,1,2020-09-05 16:35
904,7389,27655,4484,5,2020-09-05 16:35
905,7349,78468,3349,4,2020-09-05 16:35
906,6351,73695,3647,2,2020-09-05 16:35
907,8189,13209,366,5,2020-09-05 16:35
908,7356,47941,720,1,2020-09-05 16:35
909,8449,25975,4885,4,2020-09-05 16:35
910,5953,34876,2283,1,2020-09-05 16:35
911,6101,68687,2365,2,2020-09-05 16:35
912,7644,31590,1132,5,2020-09-05 16:35
913,8663,76760,1854,1,2020-09-05 16:35
914,6774,39824,4844,3,2020-09-05 16:35
915,7611,37903,650,5,2020-09-05 16:35
916,8233,57950,1789,5,2020-09-05 16:35
917,6891,72398,4238,2,2020-09-05 16:35
918,5740,13068,1465,2,2020-09-05 16:35
919,6493,45281,2985,3,2020-09-05 16:35
920,8311,33144,1666,4,2020-09-05 16:35
921,6628,13118,4214,1,2020-09-05 16:35
922,7978,22999,4189,4,2020-09-05 16:35
923,7438,15413,1735,1,2020-09-05 16:35
924,5662,12541,4620,3,2020-09-05 16:35
925,6060,79938,227,5,2020-09-05 16:35
926,7325,28441,3965,1,2020-09-05 16:35
927,7637,57671,255,5,2020-09-05 16:35
928,6417,72714,237,2,2020-09-05 16:35
929,8360,35223,1002,1,2020-09-05 16:35
930,7019,74245,2988,1,2020-09-05 16:35
931,7695,77692,4340,3,2020-09-05 16:35
932,5704,3630,1330,5,2020-09-05 16:35
933,8891,30748,3381,4,2020-09-05 16:35
934,7348,88113,3009,2,2020-09-05 16:35
935,7658,72072,4488,2,2020-09-05 16:35
936,5699,25524,2544,3,2020-09-05 16:35
937,6436,44012,3413,3,2020-09-05 16:35
938,6564,88417,3089,5,2020-09-05 16:35
939,7761,81780,4701,1,2020-09-05 16:35
940,8731,68160,146,5,2020-09-05 16:35
941,7141,23369,1787,5,2020-09-05 16:35
942,8193,76431,2242,2,2020-09-05 16:35
943,8617,66490,2763,5,2020-09-05 16:35
944,6945,71422,2174,5,2020-09-05 16:35
945,7523,53367,1343,1,2020-09-05 16:35
946,8569,40055,1876,3,2020-09-05 16:35
947,6729,50571,4567,1,2020-09-05 16:35
948,8197,69756,1113,4,2020-09-05 16:35
949,7777,21096,794,5,2020-09-05 16:35
950,7493,12935,432,5,2020-09-05 16:35
951,7417,45232,1047,5,2020-09-05 16:35
952,8596,75994,98,4,2020-09-05 16:35
953,8370,16982,2061,1,2020-09-05 16:35
954,8719,18377,257,1,2020-09-05 16:35
955,8907,30754,4894,3,2020-09-05 16:35
956,6643,5860,350,3,2020-09-05 16:35
957,6222,8011,1617,1,2020-09-05 16:35
958,7868,48021,3457,1,2020-09-05 16:36
959,7063,16850,1340,1,2020-09-05 16:36
960,8484,20666,4365,5,2020-09-05 16:36
961,6487,51136,1982,4,2020-09-05 16:36
962,6895,4377,138,2,2020-09-05 16:36
963,7523,249,1343,4,2020-09-05 16:36
964,8501,59467,1814,1,2020-09-05 16:36
965,6090,30940,1292,2,2020-09-05 16:36
966,7416,48228,1390,4,2020-09-05 16:36
967,7723,4437,2799,4,2020-09-05 16:36
968,5852,84686,742,2,2020-09-05 16:36
969,6969,44546,1047,2,2020-09-05 16:36
970,5641,20208,4715,3,2020-09-05 16:36
971,5657,61522,191,2,2020-09-05 16:36
972,6584,1633,2530,1,2020-09-05 16:36
973,6177,68397,1424,2,2020-09-05 16:36
974,8030,11995,2733,2,2020-09-05 16:36
975,6412,27181,938,1,2020-09-05 16:36
976,6922,45555,572,5,2020-09-05 16:36
977,8449,65500,4885,1,2020-09-05 16:36
978,6426,21301,3621,2,2020-09-05 16:36
979,6892,85010,2095,5,2020-09-05 16:36
980,6478,9059,3377,1,2020-09-05 16:36
981,5784,37999,3415,1,2020-09-05 16:36
982,5817,10920,140,1,2020-09-05 16:36
983,6601,85503,4661,1,2020-09-05 16:36
984,8572,41325,534,1,2020-09-05 16:36
985,7745,24141,797,4,2020-09-05 16:36
986,5939,9250,4728,3,2020-09-05 16:36
987,7430,64752,1755,2,2020-09-05 16:36
988,7256,88217,3566,2,2020-09-05 16:36
989,7533,89356,4172,4,2020-09-05 16:36
990,6190,57535,4263,1,2020-09-05 16:36
991,8894,80571,640,4,2020-09-05 16:36
992,6983,47102,1774,2,2020-09-05 16:36
993,5865,4526,713,5,2020-09-05 16:36
994,5681,12113,1062,4,2020-09-05 16:36
995,7317,80956,4048,3,2020-09-05 16:36
996,8710,51713,3998,2,2020-09-05 16:36
997,8891,13240,3381,1,2020-09-05 16:36
998,5887,49846,1628,3,2020-09-05 16:36
999,8825,2133,1506,3,2020-09-05 16:36
1000,8548,56449,2850,5,2020-09-05 16:36
1001,8234,76188,169,1,2020-09-05 16:36
1002,7536,81623,496,4,2020-09-05 16:36
1003,6405,16484,4296,5,2020-09-05 16:36
1004,8569,32140,1876,1,2020-09-05 16:36
1005,5665,89080,1314,5,2020-09-05 16:36
1006,8335,84693,977,3,2020-09-05 16:36
1007,8980,24437,2475,4,2020-09-05 16:36
1008,6283,9178,4108,3,2020-09-05 16:36
1009,5642,20516,4567,1,2020-09-05 16:36
1010,6974,44889,2341,1,2020-09-05 16:36
1011,8216,68658,621,1,2020-09-05 16:36
1012,7632,33890,1080,1,2020-09-05 16:36
1013,7204,27101,4523,3,2020-09-05 16:36
1014,7139,28347,936,2,2020-09-05 16:36
1015,8324,68014,3654,3,2020-09-05 16:36
1016,7175,88821,1285,5,2020-09-05 16:36
1017,8360,25298,1002,3,2020-09-05 16:36
1018,8237,67685,2457,4,2020-09-05 16:37
1019,6276,60711,522,1,2020-09-05 16:37
1020,8147,77477,332,5,2020-09-05 16:37
1021,8427,46919,1088,3,2020-09-05 16:37
1022,7285,5307,1978,5,2020-09-05 16:37
1023,8620,16439,2982,1,2020-09-05 16:37
1024,5821,19036,1328,2,2020-09-05 16:37
1025,5960,7793,1126,3,2020-09-05 16:37
1026,6059,78685,4475,2,2020-09-05 16:37
1027,7215,74150,2535,5,2020-09-05 16:37
1028,7381,65880,1243,5,2020-09-05 16:37
1029,6262,19689,749,5,2020-09-05 16:37
1030,8898,17149,3677,5,2020-09-05 16:37
1031,6850,80637,716,3,2020-09-05 16:37
1032,6307,74052,1186,1,2020-09-05 16:37
1033,7188,80864,4337,5,2020-09-05 16:37
1034,7237,61868,3046,3,2020-09-05 16:37
1035,7086,54080,2008,5,2020-09-05 16:37
1036,8029,71194,2553,2,2020-09-05 16:37
1037,7729,73046,3292,2,2020-09-05 16:37
1038,6359,26838,1143,3,2020-09-05 16:37
1039,8407,32965,4725,5,2020-09-05 16:37
1040,6097,59374,449,2,2020-09-05 16:37
1041,8025,74820,4688,4,2020-09-05 16:37
1042,7678,57989,4581,2,2020-09-05 16:37
1043,6218,34823,4495,4,2020-09-05 16:37
1044,6723,4047,465,3,2020-09-05 16:37
1045,6542,27296,4803,4,2020-09-05 16:37
1046,8501,16956,1814,5,2020-09-05 16:37
1047,5837,79241,2027,3,2020-09-05 16:37
1048,6983,72279,1774,5,2020-09-05 16:37
1049,6926,24176,927,4,2020-09-05 16:37
1050,7811,84489,3197,5,2020-09-05 16:37
1051,7426,89687,4543,2,2020-09-05 16:37
1052,6600,26549,506,2,2020-09-05 16:37
1053,7195,89676,523,3,2020-09-05 16:37
1054,6748,23625,2821,3,2020-09-05 16:37
1055,8262,817,562,1,2020-09-05 16:37
1056,6708,81382,2279,5,2020-09-05 16:37
1057,6218,74150,4495,2,2020-09-05 16:37
1058,7040,42508,2587,3,2020-09-05 16:37
1059,7787,20902,396,1,2020-09-05 16:37
1060,8240,55274,2072,3,2020-09-05 16:37
1061,7671,22221,908,1,2020-09-05 16:37
1062,6940,5988,1889,4,2020-09-05 16:37
1063,8370,11434,2061,5,2020-09-05 16:37
1064,8071,4809,3861,3,2020-09-05 16:37
1065,6636,27834,1767,5,2020-09-05 16:37
1066,7244,71285,4243,2,2020-09-05 16:37
1067,6615,40384,107,1,2020-09-05 16:37
1068,6250,34090,654,1,2020-09-05 16:37
1069,7501,19580,4392,2,2020-09-05 16:37
1070,8069,27395,664,5,2020-09-05 16:37
1071,5930,78764,438,2,2020-09-05 16:37
1072,8000,35412,1629,5,2020-09-05 16:37
1073,5989,44424,3570,2,2020-09-05 16:37
1074,6897,89,4787,1,2020-09-05 16:37
1075,7981,15121,3451,5,2020-09-05 16:37
1076,6776,5854,3128,3,2020-09-05 16:37
1077,5842,68495,2342,4,2020-09-05 16:37
1078,6712,34043,1617,4,2020-09-05 16:38
1079,6730,5852,410,4,2020-09-05 16:38
1080,5861,74219,3973,2,2020-09-05 16:38
1081,7040,15711,2587,3,2020-09-05 16:38
1082,8366,35335,4250,2,2020-09-05 16:38
1083,6069,20710,4216,1,2020-09-05 16:38
1084,6446,23966,1473,4,2020-09-05 16:38
1085,7592,87050,4297,1,2020-09-05 16:38
1086,7894,34078,2532,4,2020-09-05 16:38
1087,8975,74407,4139,1,2020-09-05 16:38
1088,6875,22623,830,5,2020-09-05 16:38
1089,8572,37834,534,4,2020-09-05 16:38
1090,5629,16506,3536,3,2020-09-05 16:38
1091,6924,81651,3719,1,2020-09-05 16:38
1092,7287,12071,1010,3,2020-09-05 16:38
1093,7433,22125,4364,2,2020-09-05 16:38
1094,7960,56163,321,4,2020-09-05 16:38
1095,7438,386,1735,4,2020-09-05 16:38
1096,6062,65271,4725,3,2020-09-05 16:38
1097,5808,89003,4182,2,2020-09-05 16:38
1098,6725,47950,4797,5,2020-09-05 16:38
1099,8254,86029,3181,1,2020-09-05 16:38
1100,7608,44413,4892,2,2020-09-05 16:38
1101,6074,13932,4821,3,2020-09-05 16:38
1102,8185,23793,3086,3,2020-09-05 16:38
1103,7608,26952,4892,1,2020-09-05 16:38
1104,5851,48671,2280,2,2020-09-05 16:38
1105,6508,36106,4993,5,2020-09-05 16:38
1106,6677,18306,2182,4,2020-09-05 16:38
1107,6241,35447,2263,1,2020-09-05 16:38
1108,8536,71832,4846,5,2020-09-05 16:38
1109,7958,5159,2350,1,2020-09-05 16:38
1110,8474,22452,2925,1,2020-09-05 16:38
1111,7999,80242,1246,5,2020-09-05 16:38
1112,8432,16252,3058,2,2020-09-05 16:38
1113,7427,58757,1845,1,2020-09-05 16:38
1114,8313,34897,2036,5,2020-09-05 16:38
1115,6757,39199,1028,1,2020-09-05 16:38
1116,6072,68537,2142,2,2020-09-05 16:38
1117,8453,14043,140,4,2020-09-05 16:38
1118,8639,71243,2460,2,2020-09-05 16:38
1119,6127,20449,4621,5,2020-09-05 16:38
1120,8129,69339,3468,3,2020-09-05 16:38
1121,8076,26321,3401,2,2020-09-05 16:38
1122,6327,68548,2104,5,2020-09-05 16:38
1123,7782,48829,1626,1,2020-09-05 16:38
1124,8329,5888,210,3,2020-09-05 16:38
1125,8835,442,2504,2,2020-09-05 16:38
1126,6532,45152,3450,2,2020-09-05 16:38
1127,7772,60354,331,1,2020-09-05 16:38
1128,7146,64535,2797,2,2020-09-05 16:38
1129,7865,26673,730,2,2020-09-05 16:38
1130,8402,78883,1143,2,2020-09-05 16:38
1131,8740,6069,2549,2,2020-09-05 16:38
1132,8108,47726,1038,3,2020-09-05 16:38
1133,7427,74197,1845,1,2020-09-05 16:38
1134,6301,62810,2446,1,2020-09-05 16:38
1135,8702,41308,1595,1,2020-09-05 16:38
1136,8346,81083,3402,3,2020-09-05 16:38
1137,6106,48107,1056,2,2020-09-05 16:38
1138,5872,83308,196,2,2020-09-05 16:39
1139,7411,11801,2679,3,2020-09-05 16:39
1140,8024,11414,4506,2,2020-09-05 16:39
1141,6796,68386,3820,4,2020-09-05 16:39
1142,6317,89799,128,4,2020-09-05 16:39
1143,7286,74600,3631,2,2020-09-05 16:39
1144,7060,87631,486,1,2020-09-05 16:39
1145,8191,64024,4587,3,2020-09-05 16:39
1146,8342,68351,700,1,2020-09-05 16:39
1147,6246,64347,4513,1,2020-09-05 16:39
1148,7826,88373,1188,1,2020-09-05 16:39
1149,5748,30129,1386,5,2020-09-05 16:39
1150,8373,40333,2984,4,2020-09-05 16:39
1151,7536,49447,496,5,2020-09-05 16:39
1152,6320,1949,2958,4,2020-09-05 16:39
1153,8820,1074,3202,1,2020-09-05 16:39
1154,6601,7053,4661,4,2020-09-05 16:39
1155,8015,12259,4029,1,2020-09-05 16:39
1156,7178,81815,1043,2,2020-09-05 16:39
1157,5693,7978,4982,4,2020-09-05 16:39
1158,6848,86551,3425,4,2020-09-05 16:39
1159,6235,21273,1134,3,2020-09-05 16:39
1160,6946,7281,1061,5,2020-09-05 16:39
1161,5998,84814,1745,5,2020-09-05 16:39
1162,8539,14293,2420,4,2020-09-05 16:39
1163,6074,31136,4821,5,2020-09-05 16:39
1164,5857,25853,1795,4,2020-09-05 16:39
1165,7599,30808,4836,1,2020-09-05 16:39
1166,8136,21389,1755,4,2020-09-05 16:39
1167,7162,68375,2514,3,2020-09-05 16:39
1168,7271,72233,2259,3,2020-09-05 16:39
1169,5678,67674,3706,3,2020-09-05 16:39
1170,7297,45707,2574,3,2020-09-05 16:39
1171,7584,59983,1453,2,2020-09-05 16:39
1172,6719,43781,4217,4,2020-09-05 16:39
1173,6525,75458,113,4,2020-09-05 16:39
1174,5869,72472,3180,4,2020-09-05 16:39
1175,8742,6893,4554,3,2020-09-05 16:39
1176,8118,61262,4908,2,2020-09-05 16:39
1177,7055,48025,2780,3,2020-09-05 16:39
1178,5789,44648,1008,3,2020-09-05 16:39
1179,8079,39157,4079,3,2020-09-05 16:39
1180,5829,78470,4439,1,2020-09-05 16:39
1181,6321,9019,2629,1,2020-09-05 16:39
1182,6353,79097,2143,2,2020-09-05 16:39
1183,7356,87569,720,5,2020-09-05 16:39
1184,6518,21978,2159,5,2020-09-05 16:39
1185,6530,65450,3602,2,2020-09-05 16:39
1186,6668,32081,2037,5,2020-09-05 16:39
1187,7885,73950,2914,2,2020-09-05 16:39
1188,8528,45511,1022,3,2020-09-05 16:39
1189,7899,46500,919,1,2020-09-05 16:39
1190,7781,51289,3439,3,2020-09-05 16:39
1191,6435,25065,99,3,2020-09-05 16:39
1192,8104,76594,2176,3,2020-09-05 16:39
1193,5611,82495,1544,5,2020-09-05 16:39
1194,5877,16697,694,3,2020-09-05 16:39
1195,6857,58034,2237,3,2020-09-05 16:39
1196,8828,43703,3697,3,2020-09-05 16:39
1197,6744,65657,2550,5,2020-09-05 16:39
1198,6290,16232,1450,4,2020-09-05 16:40
1199,8866,63666,3355,3,2020-09-05 16:40
1200,6620,12659,981,2,2020-09-05 16:40
1201,7858,9870,3567,2,2020-09-05 16:40
1202,8221,30633,720,1,2020-09-05 16:40
1203,7196,22381,4862,5,2020-09-05 16:40
1204,7343,20828,4338,3,2020-09-05 16:40
1205,7658,32606,4488,4,2020-09-05 16:40
1206,8414,858,3262,4,2020-09-05 16:40
1207,7719,46778,2451,2,2020-09-05 16:40
1208,7912,22963,4828,1,2020-09-05 16:40
1209,8506,63150,721,3,2020-09-05 16:40
1210,7067,17783,4929,3,2020-09-05 16:40
1211,6250,50686,654,4,2020-09-05 16:40
1212,8488,61532,2347,1,2020-09-05 16:40
1213,7107,59340,2133,4,2020-09-05 16:40
1214,7825,57987,1250,3,2020-09-05 16:40
1215,8860,3213,1741,5,2020-09-05 16:40
1216,5861,54635,3973,2,2020-09-05 16:40
1217,8988,2182,4842,3,2020-09-05 16:40
1218,7328,39691,4418,1,2020-09-05 16:40
1219,7904,87071,4987,2,2020-09-05 16:40
1220,8628,33968,1681,3,2020-09-05 16:40
1221,8639,15172,2460,2,2020-09-05 16:40
1222,5910,20671,4876,4,2020-09-05 16:40
1223,7414,13740,1866,3,2020-09-05 16:40
1224,5696,8795,4116,3,2020-09-05 16:40
1225,7113,73434,3454,3,2020-09-05 16:40
1226,8692,78605,3459,3,2020-09-05 16:40
1227,7471,64840,4620,1,2020-09-05 16:40
1228,7091,44325,4677,2,2020-09-05 16:40
1229,6197,10583,698,2,2020-09-05 16:40
1230,8442,27842,2867,5,2020-09-05 16:40
1231,8554,42286,1448,3,2020-09-05 16:40
1232,8381,49711,2768,1,2020-09-05 16:40
1233,6933,85774,3200,2,2020-09-05 16:40
1234,8977,87824,3781,5,2020-09-05 16:40
1235,5971,80369,1268,5,2020-09-05 16:40
1236,6664,85162,3745,5,2020-09-05 16:40
1237,8383,47390,3317,2,2020-09-05 16:40
1238,6385,24403,4439,5,2020-09-05 16:40
1239,6537,4470,601,3,2020-09-05 16:40
1240,8567,34362,1313,2,2020-09-05 16:40
1241,6710,7796,905,5,2020-09-05 16:40
1242,7648,78010,863,5,2020-09-05 16:40
1243,5633,56868,3415,3,2020-09-05 16:40
1244,8053,79736,353,2,2020-09-05 16:40
1245,6189,64171,1118,5,2020-09-05 16:40
1246,6528,7688,4865,3,2020-09-05 16:40
1247,8497,37257,2524,1,2020-09-05 16:40
1248,5702,26587,1289,2,2020-09-05 16:40
1249,6601,1217,4661,5,2020-09-05 16:40
1250,8298,40108,2072,3,2020-09-05 16:40
1251,8760,25565,2356,3,2020-09-05 16:40
1252,7947,38506,146,5,2020-09-05 16:40
1253,6968,74734,4793,4,2020-09-05 16:40
1254,7733,8748,2172,1,2020-09-05 16:40
1255,8170,68241,3474,5,2020-09-05 16:40
1256,6002,2791,66,1,2020-09-05 16:40
1257,5631,87363,396,4,2020-09-05 16:40
1258,6338,38743,1952,3,2020-09-05 16:41
1259,8795,29921,4326,5,2020-09-05 16:41
1260,6708,24596,2279,2,2020-09-05 16:41
1261,6617,41943,301,3,2020-09-05 16:41
1262,8264,56669,1183,4,2020-09-05 16:41
1263,5780,87437,1071,4,2020-09-05 16:41
1264,5930,38383,438,1,2020-09-05 16:41
1265,8806,18839,350,5,2020-09-05 16:41
1266,8243,14932,3906,4,2020-09-05 16:41
1267,6944,65785,741,3,2020-09-05 16:41
1268,5688,72521,1619,4,2020-09-05 16:41
1269,7378,61540,4270,2,2020-09-05 16:41
1270,6963,13190,3423,2,2020-09-05 16:41
1271,5901,2000,1812,4,2020-09-05 16:41
1272,8189,16246,366,4,2020-09-05 16:41
1273,8485,28269,1293,5,2020-09-05 16:41
1274,6754,48292,2813,3,2020-09-05 16:41
1275,8487,38241,2260,4,2020-09-05 16:41
1276,7831,36192,3709,3,2020-09-05 16:41
1277,8571,42124,417,5,2020-09-05 16:41
1278,8782,22266,695,4,2020-09-05 16:41
1279,8071,6694,3861,5,2020-09-05 16:41
1280,5966,4559,1318,5,2020-09-05 16:41
1281,7540,71622,4446,2,2020-09-05 16:41
1282,8558,86330,1760,2,2020-09-05 16:41
1283,7280,76517,3527,2,2020-09-05 16:41
1284,7761,2563,4701,1,2020-09-05 16:41
1285,7132,19710,1784,2,2020-09-05 16:41
1286,8837,16876,2701,5,2020-09-05 16:41
1287,5825,8940,4740,5,2020-09-05 16:41
1288,7758,57821,3953,1,2020-09-05 16:41
1289,6282,21827,1668,2,2020-09-05 16:41
1290,8484,73205,4365,2,2020-09-05 16:41
1291,7892,58116,560,5,2020-09-05 16:41
1292,8565,26302,3327,4,2020-09-05 16:41
1293,6653,7989,304,3,2020-09-05 16:41
1294,8115,86701,2202,3,2020-09-05 16:41
1295,7249,49451,2763,5,2020-09-05 16:41
1296,7641,52092,3189,1,2020-09-05 16:41
1297,8142,5783,3550,5,2020-09-05 16:41
1298,7514,7760,1510,1,2020-09-05 16:41
1299,6817,45103,123,2,2020-09-05 16:41
1300,6765,11022,256,2,2020-09-05 16:41
1301,8275,36410,441,1,2020-09-05 16:41
